id,traceId,gold_label,label,match,api_latency_ms,total_latency_ms,rule_hint,signal
gold_Yes_d1e7b4b3-0ec3-4ea0-b087-1b2734927c4b,d1e7b4b3-0ec3-4ea0-b087-1b2734927c4b,Yes,Yes,True,2792.0,2798.4,Yes,"[0] 사용자 기준/요구 동작을 구체적으로 제시: def solution(yellow, green): total = yellow + green for 세로 in range(1, int(total**0.5) + 1): if total % 세로 == 0: 가로 = total // 세로 if green == (가로-2)*(세로-2): return [가로, 세로]"
gold_Yes_c6679aa3-d2cc-420b-b072-28b923f87caf,c6679aa3-d2cc-420b-b072-28b923f87caf,Yes,Yes,True,1190.6,1192.6,Yes,"[0] 사용자 기준/요구 동작을 구체적으로 제시: import math def solution(brown, yellow): # TODO total = brown + yellow for i in range(1, int(math.sqrt(total)) + 1): if total % i == 0: w, h = total // i, i if (w-2) * (h-2) == yel"
gold_Uncertain_d489ea07-b5f9-4b74-a908-1bdc59ca3b5f,d489ea07-b5f9-4b74-a908-1bdc59ca3b5f,Uncertain,Uncertain,True,1915.2,1918.4,Uncertain,첫 턴 단답/짧은 발화라 자기 의도인지 확인 불가
gold_Yes_7b656cd8-dc56-49d4-ad45-68732ef729be,7b656cd8-dc56-49d4-ad45-68732ef729be,Yes,Yes,True,1364.6,1366.4,Yes,[0] 가설/판단 표현 감지: 'seems': it seems that one of the loops are infinite. How can I fix it?
gold_No_10e1e574-65b7-4fc3-9c52-77cabcb067c7,10e1e574-65b7-4fc3-9c52-77cabcb067c7,No,No,True,1368.9,1371.0,No,No explicit user thought/attempt/hypothesis/judgment/criterion in current or previous 5 user turns.
gold_Yes_00ca4e41-23cf-4c66-891b-c93cd17900aa,00ca4e41-23cf-4c66-891b-c93cd17900aa,Yes,No,False,2052.9,2054.6,No,No explicit user thought/attempt/hypothesis/judgment/criterion in current or previous 5 user turns.
gold_Yes_0ada3bf1-875e-4734-8967-12913d9bab9c,0ada3bf1-875e-4734-8967-12913d9bab9c,Yes,No,False,1305.3,1307.5,No,No explicit user thought/attempt/hypothesis/judgment/criterion in current or previous 5 user turns.
gold_Yes_69d1da03-1a28-4630-95cc-1a12e633cdab,69d1da03-1a28-4630-95cc-1a12e633cdab,Yes,Yes,True,1436.7,1438.3,Yes,[0] 가설/판단 표현 감지: '되나': dp는 밖에서 선언해야되나
gold_Yes_70f2addb-11b4-48bc-b79a-5bfa24fcdc4f,70f2addb-11b4-48bc-b79a-5bfa24fcdc4f,Yes,No,False,1066.4,1068.8,No,No explicit user thought/attempt/hypothesis/judgment/criterion in current or previous 5 user turns.
gold_Yes_6ffc8695-141f-4612-a20b-4d9a8d15cab7,6ffc8695-141f-4612-a20b-4d9a8d15cab7,Yes,Yes,True,1186.0,1189.1,Yes,[0] 시도 언급 표현 감지: '실행했': 현재 코드가 왜 fail하는거지? 로컬에서 실행했을 때는 정상적으로 동작했어
gold_No_8737098a-d187-4ac9-b9fc-8ddf1caf6f77,8737098a-d187-4ac9-b9fc-8ddf1caf6f77,No,No,True,1179.0,1181.4,No,No explicit user thought/attempt/hypothesis/judgment/criterion in current or previous 5 user turns.
gold_No_f682c665-3b77-4071-8d72-e9293d2fab67,f682c665-3b77-4071-8d72-e9293d2fab67,No,No,True,1141.7,1144.1,No,No explicit user thought/attempt/hypothesis/judgment/criterion in current or previous 5 user turns.
gold_No_ee52fabc-8805-4988-a749-617b6be15842,ee52fabc-8805-4988-a749-617b6be15842,No,Uncertain,False,1327.5,1329.5,Uncertain,첫 턴 단답/짧은 발화라 자기 의도인지 확인 불가
gold_Yes_dca60691-dd3c-4549-beb6-1a3b07b5639c,dca60691-dd3c-4549-beb6-1a3b07b5639c,Yes,Yes,True,4123.9,4125.6,Yes,[0] 가설/판단 표현 감지: '잖아': 리턴이 있는 if문이 for문 안에 들어있잖아
gold_Yes_8655e204-c86c-4cd5-9933-bad5082974ff,8655e204-c86c-4cd5-9933-bad5082974ff,Yes,No,False,1224.0,1226.1,No,No explicit user thought/attempt/hypothesis/judgment/criterion in current or previous 5 user turns.
gold_Yes_5e511b35-ff95-44eb-9015-c707a5721ddf,5e511b35-ff95-44eb-9015-c707a5721ddf,Yes,No,False,1908.3,1910.7,No,No explicit user thought/attempt/hypothesis/judgment/criterion in current or previous 5 user turns.
gold_Yes_99ac41b4-3b76-47ea-8620-0bfbef22d8c9,99ac41b4-3b76-47ea-8620-0bfbef22d8c9,Yes,No,False,1175.1,1176.7,No,No explicit user thought/attempt/hypothesis/judgment/criterion in current or previous 5 user turns.
gold_No_950448c0-88de-44e4-97f4-1dadb07945ea,950448c0-88de-44e4-97f4-1dadb07945ea,No,No,True,1402.2,1404.1,No,No explicit user thought/attempt/hypothesis/judgment/criterion in current or previous 5 user turns.
gold_Yes_5cf67ceb-8c8b-4aa5-a81e-f142dd1a4f26,5cf67ceb-8c8b-4aa5-a81e-f142dd1a4f26,Yes,Uncertain,False,1547.6,1549.1,Uncertain,첫 턴 단답/짧은 발화라 자기 의도인지 확인 불가
gold_Yes_655ebc6c-0737-49ea-9f77-a40fca238047,655ebc6c-0737-49ea-9f77-a40fca238047,Yes,Yes,True,1226.7,1228.5,Yes,"[0] 사용자 기준/요구 동작을 구체적으로 제시: # 직접 설계한 CLI 프로그램을 구현하세요 def main(): while True: print(""=== 가계부 ==="") print(""1. 수입"") print(""2. 지출"") print(""3. 잔액 확인"") print(""0. 종료"") 선택 = input(""선택: "") if 선택 == ""1"": print(""1. 수입"")"
gold_Yes_c40b6c5b-fd35-4668-bcab-369c85d92b97,c40b6c5b-fd35-4668-bcab-369c85d92b97,Yes,Yes,True,1063.5,1065.8,Yes,[0] 접근 방향/기준 표현 감지: '기준으로': 1. 네 말이 정확해 2. 보드 전체에서 가능해 3. 머지 가능한 쌍을 우선순의 기준으로 삼을 때 4. m과 m이 합성되면 사라져
gold_Yes_bb5d4276-d330-42a2-b18c-6c84675b2624,bb5d4276-d330-42a2-b18c-6c84675b2624,Yes,Yes,True,1147.8,1149.7,Yes,[0] 가설/판단 표현 감지: '문제가': 8번문제가 지금 나한테 시키는게 뭐야??
gold_Yes_4206fbdd-abce-4dae-86c1-8fab6291f161,4206fbdd-abce-4dae-86c1-8fab6291f161,Yes,No,False,1386.9,1388.5,No,No explicit user thought/attempt/hypothesis/judgment/criterion in current or previous 5 user turns.
gold_No_df621774-2bbe-41b7-94bf-2bc5af8c5a1b,df621774-2bbe-41b7-94bf-2bc5af8c5a1b,No,No,True,1085.7,1088.6,No,No explicit user thought/attempt/hypothesis/judgment/criterion in current or previous 5 user turns.
gold_No_392e9e94-f908-4212-8a63-4aa04c005001,392e9e94-f908-4212-8a63-4aa04c005001,No,No,True,1210.1,1212.2,No,No explicit user thought/attempt/hypothesis/judgment/criterion in current or previous 5 user turns.
gold_Yes_0604de6f-928d-458c-9601-641468885c9a,0604de6f-928d-458c-9601-641468885c9a,Yes,No,False,1399.6,1401.4,No,No explicit user thought/attempt/hypothesis/judgment/criterion in current or previous 5 user turns.
gold_Yes_375ac71e-c7bf-4f09-a314-96dd35621c02,375ac71e-c7bf-4f09-a314-96dd35621c02,Yes,Yes,True,1517.1,1518.9,Yes,[0] 가설/판단 표현 감지: '맞아?': # 학생 성적 관리 시스템을 구현하세요 def main(): students = {} while True: print('=== 성적 관리 시스템 ===') print('1. 학생 추가') print('2. 전체 조회') print('3. 성적 검색') print('4. 종료') choice = input('선택: ').s
gold_Yes_db7c456a-1519-4176-85eb-40a5fcd31be2,db7c456a-1519-4176-85eb-40a5fcd31be2,Yes,Yes,True,1229.2,1231.4,Yes,[0] 가설/판단 표현 감지: '왜 ': cases 2에서 왜 안될까?
gold_Yes_dfc10079-3a5e-4913-90c5-2d762643632d,dfc10079-3a5e-4913-90c5-2d762643632d,Yes,No,False,1489.9,1492.2,No,No explicit user thought/attempt/hypothesis/judgment/criterion in current or previous 5 user turns.
gold_Yes_07697ec5-4009-499c-8098-bbfbd18087be,07697ec5-4009-499c-8098-bbfbd18087be,Yes,Yes,True,1270.6,1272.8,Yes,[0] 시도 언급 표현 감지: '해봤': 이거 내가 예전에 짰었던 코드인데 여기에 처치기록만 추가해봤어 어떄?
gold_Yes_79bfa067-2446-4699-856b-499528a6a068,79bfa067-2446-4699-856b-499528a6a068,Yes,No,False,973.9,975.8,No,No explicit user thought/attempt/hypothesis/judgment/criterion in current or previous 5 user turns.
gold_Yes_91b8a0c7-4cdc-4524-9894-531d6c70a7b9,91b8a0c7-4cdc-4524-9894-531d6c70a7b9,Yes,No,False,1435.3,1437.5,No,No explicit user thought/attempt/hypothesis/judgment/criterion in current or previous 5 user turns.
gold_Yes_b36dba1d-3bed-4212-a233-997df17d5701,b36dba1d-3bed-4212-a233-997df17d5701,Yes,Yes,True,2340.6,2342.3,Yes,[0] 접근 방향/기준 표현 감지: '있으면': k 미만이 있으면 1을 반환해서 While문 돌려서 섞는 행위를 하는거야
gold_No_af5ac463-a819-489e-8c8b-edc828218fa3,af5ac463-a819-489e-8c8b-edc828218fa3,No,No,True,908.4,910.6,No,No explicit user thought/attempt/hypothesis/judgment/criterion in current or previous 5 user turns.
gold_No_627ca4a1-c39f-4ba1-b6ab-982614768bbf,627ca4a1-c39f-4ba1-b6ab-982614768bbf,No,No,True,1282.5,1284.3,No,No explicit user thought/attempt/hypothesis/judgment/criterion in current or previous 5 user turns.
gold_Yes_38ecd21d-d673-49d5-9e51-9a9314155b0e,38ecd21d-d673-49d5-9e51-9a9314155b0e,Yes,Yes,True,1368.1,1369.6,Yes,"[0] 가설/판단 표현 감지: '되나': def solution(citations): n = len(citations) for h in range(n, -1, -1): # n부터 0까지 감소 if len([c for c in citations if c >= h]) >= h: return h [c for c in citations if c < h] 이렇게 하면 되"
gold_Yes_6f11af45-455a-4b6c-9e03-04b8294a4e44,6f11af45-455a-4b6c-9e03-04b8294a4e44,Yes,No,False,1285.7,1289.2,No,No explicit user thought/attempt/hypothesis/judgment/criterion in current or previous 5 user turns.
gold_Yes_3b4a91f4-6161-434d-8d8d-0f8da938ab67,3b4a91f4-6161-434d-8d8d-0f8da938ab67,Yes,Yes,True,1419.2,1420.7,Yes,[0] 접근 방향/기준 표현 감지: '해야': 내 코드에서 추가해야 하는 코드만 알려줘
gold_Yes_5adce6c2-6ebc-4f42-9b44-366890446077,5adce6c2-6ebc-4f42-9b44-366890446077,Yes,Uncertain,False,1542.6,1544.3,Uncertain,첫 턴 단답/짧은 발화라 자기 의도인지 확인 불가
gold_No_0b06d0d6-bd8d-4f88-936a-242389fdcbf6,0b06d0d6-bd8d-4f88-936a-242389fdcbf6,No,No,True,1452.7,1454.5,No,No explicit user thought/attempt/hypothesis/judgment/criterion in current or previous 5 user turns.
gold_Yes_45c0cd50-3e6a-41d8-9c2d-e85c89af5043,45c0cd50-3e6a-41d8-9c2d-e85c89af5043,Yes,No,False,1284.5,1286.2,No,No explicit user thought/attempt/hypothesis/judgment/criterion in current or previous 5 user turns.
gold_Yes_dda2239e-6599-412d-b24d-840e4430144e,dda2239e-6599-412d-b24d-840e4430144e,Yes,Uncertain,False,1353.3,1355.5,Uncertain,첫 턴 단답/짧은 발화라 자기 의도인지 확인 불가
gold_No_295249e7-1ee6-4241-82af-a15426e49e74,295249e7-1ee6-4241-82af-a15426e49e74,No,No,True,1526.8,1528.9,No,No explicit user thought/attempt/hypothesis/judgment/criterion in current or previous 5 user turns.
gold_Yes_c71c145c-98b3-4df6-bfd5-e010f079e534,c71c145c-98b3-4df6-bfd5-e010f079e534,Yes,Yes,True,1480.7,1482.8,Yes,[0] 접근 방향/기준 표현 감지: '먼저': 죄송합니다. 유감스럽게도 앞선 문제 풀이한 걸 볼 수가 없겠네요. 그래도 통상적으로 코딩 문제에서 자주 사용되는 알고리즘/자료구조 개념이 있을텐데요. 테스트 문제를 설계할 만한 알고리즘/자료구조 개념 먼저 알려주세요
gold_No_a4d40ad1-696e-43e1-b606-df5e2a7b15db,a4d40ad1-696e-43e1-b606-df5e2a7b15db,No,No,True,1783.9,1786.1,No,No explicit user thought/attempt/hypothesis/judgment/criterion in current or previous 5 user turns.
gold_No_ea145566-0676-48fe-bcb2-5f50bb43b607,ea145566-0676-48fe-bcb2-5f50bb43b607,No,Uncertain,False,1431.9,1433.4,Uncertain,첫 턴 단답/짧은 발화라 자기 의도인지 확인 불가
gold_Yes_5b63cdf4-6c9c-477d-a11c-fa4524f5c32a,5b63cdf4-6c9c-477d-a11c-fa4524f5c32a,Yes,No,False,3658.4,3660.7,No,No explicit user thought/attempt/hypothesis/judgment/criterion in current or previous 5 user turns.
gold_Yes_2f5fe43d-0fab-49bf-9274-404cf05624a1,2f5fe43d-0fab-49bf-9274-404cf05624a1,Yes,Yes,True,1269.6,1271.2,Yes,[0] 접근 방향/기준 표현 감지: '해야': 문제를 어떻게 작성 해야 하는지 알 수 있어?
gold_Yes_ec04d6c4-4ef2-4a98-8345-8c5459950e09,ec04d6c4-4ef2-4a98-8345-8c5459950e09,Yes,Uncertain,False,1293.2,1295.3,Uncertain,첫 턴 단답/짧은 발화라 자기 의도인지 확인 불가
gold_Yes_c8dc674e-fb05-4626-a4f0-cb2fd1d76cbf,c8dc674e-fb05-4626-a4f0-cb2fd1d76cbf,Yes,No,False,1704.1,1706.4,No,No explicit user thought/attempt/hypothesis/judgment/criterion in current or previous 5 user turns.
gold_Yes_025e7e30-5f36-4b8a-8f39-2905c151d4ae,025e7e30-5f36-4b8a-8f39-2905c151d4ae,Yes,Yes,True,1776.0,1778.2,Yes,"[0] 가설/판단 표현 감지: '잖아': a*2+b*2-4=brown (a-2)*(b-2)=yellow 이렇게 되잖아 역산해서 a,b 로 식 전개해줘"
gold_Yes_5d3d1527-8bc1-428d-b9ba-c22e30c6702b,5d3d1527-8bc1-428d-b9ba-c22e30c6702b,Yes,Uncertain,False,1341.1,1343.5,Uncertain,첫 턴 단답/짧은 발화라 자기 의도인지 확인 불가
gold_Yes_8ef664eb-b86d-4b34-bf9a-314913110a88,8ef664eb-b86d-4b34-bf9a-314913110a88,Yes,Yes,True,1014.4,1016.4,Yes,[0] 접근 방향/기준 표현 감지: '하고 싶': 그냥 지뢰찾기 게임처럼 하고 싶은데
gold_No_5eadaf2f-f184-40b9-9b30-149efe6b1ee0,5eadaf2f-f184-40b9-9b30-149efe6b1ee0,No,No,True,1309.8,1311.4,No,No explicit user thought/attempt/hypothesis/judgment/criterion in current or previous 5 user turns.
gold_No_a86aa07b-de7e-4914-9cd6-5f0118b5b5de,a86aa07b-de7e-4914-9cd6-5f0118b5b5de,No,No,True,1173.5,1175.0,No,No explicit user thought/attempt/hypothesis/judgment/criterion in current or previous 5 user turns.
gold_Yes_e5ff77c9-2740-43ea-b2f3-0cf8833ebbe1,e5ff77c9-2740-43ea-b2f3-0cf8833ebbe1,Yes,Yes,True,1577.0,1579.3,Yes,[0] 시도 언급 표현 감지: '써본적': sum()을 써본적이 있어
gold_Yes_75754ea1-f8e3-40d0-89b7-b78322d4a739,75754ea1-f8e3-40d0-89b7-b78322d4a739,Yes,Yes,True,2166.7,2168.3,Yes,[0] 가설/판단 표현 감지: '같아': 힙을 이용해서 문제를 풀어볼 거 같아. 어떤식으로 코드를 짜면 좋을까?
gold_No_585bc131-9dca-4066-a80b-50a86853f239,585bc131-9dca-4066-a80b-50a86853f239,No,No,True,1141.7,1143.7,No,No explicit user thought/attempt/hypothesis/judgment/criterion in current or previous 5 user turns.
gold_Yes_49ca8150-44ae-489c-bbe5-a1fe4e16eb54,49ca8150-44ae-489c-bbe5-a1fe4e16eb54,Yes,No,False,1032.7,1034.9,No,No explicit user thought/attempt/hypothesis/judgment/criterion in current or previous 5 user turns.
gold_Yes_7fbc0262-8257-4c5d-a043-e36a8905933e,7fbc0262-8257-4c5d-a043-e36a8905933e,Yes,No,False,1188.5,1190.6,No,No explicit user thought/attempt/hypothesis/judgment/criterion in current or previous 5 user turns.
gold_Yes_56092d86-090a-415f-b7e4-ef44b6871288,56092d86-090a-415f-b7e4-ef44b6871288,Yes,Uncertain,False,1325.9,1327.7,Uncertain,첫 턴 단답/짧은 발화라 자기 의도인지 확인 불가
gold_Yes_5e0e1cfd-736a-4ebb-9d03-a359324fe010,5e0e1cfd-736a-4ebb-9d03-a359324fe010,Yes,Yes,True,1169.8,1171.5,Yes,[0] 가설/판단 표현 감지: '안되': 안되지 그니까 너가 해봐
gold_Yes_e7e298af-2960-4f86-8257-7b8198451e11,e7e298af-2960-4f86-8257-7b8198451e11,Yes,No,False,1464.8,1467.3,No,No explicit user thought/attempt/hypothesis/judgment/criterion in current or previous 5 user turns.
gold_Yes_51766b52-8482-4a04-893f-8881f26f6487,51766b52-8482-4a04-893f-8881f26f6487,Yes,No,False,1080.6,1083.0,No,No explicit user thought/attempt/hypothesis/judgment/criterion in current or previous 5 user turns.
gold_Yes_82b83dfc-06f4-4342-bfbf-9d0f00380aa3,82b83dfc-06f4-4342-bfbf-9d0f00380aa3,Yes,No,False,1449.5,1451.9,No,No explicit user thought/attempt/hypothesis/judgment/criterion in current or previous 5 user turns.
gold_Yes_df5c653e-d3e7-4338-87b2-7760e210ea46,df5c653e-d3e7-4338-87b2-7760e210ea46,Yes,Yes,True,1021.7,1024.0,Yes,[0] 접근 방향/기준 표현 감지: '해보자': 그러네 그럼 원래대로 바꾸고. 그럼 이 코드에서 예제의 것을 하나하나 다시 해보자
gold_Yes_70ffd5a2-4d27-42a4-8f47-05a350dfc706,70ffd5a2-4d27-42a4-8f47-05a350dfc706,Yes,Yes,True,2867.2,2869.6,Yes,[0] 가설/판단 표현 감지: '왜 ': 입력을 2차원 배열 형태로 줬는데 왜 5개의 개별 인자로 주는거지?
gold_Yes_d147ee0d-591e-496c-82e7-8ae605274de6,d147ee0d-591e-496c-82e7-8ae605274de6,Yes,Yes,True,1444.0,1445.4,Yes,"[0] 사용자 기준/요구 동작을 구체적으로 제시: def solution(m, n, puddles): # TODO dp = [[0] * (n+1) for _ in range(m+1)] dp[1][1] = 1 for x in range(1, m+1): for y in range(1, n+1): if x == 1 and y == 1: continue dp[x][y] = dp"
gold_Yes_bc0993f8-5a6b-4232-8412-6e4b9882acf9,bc0993f8-5a6b-4232-8412-6e4b9882acf9,Yes,Yes,True,1282.3,1284.4,Yes,[0] 가설/판단 표현 감지: '같아': citation의 최소값보다는 크고 최댓값보다는 작을거 같아
gold_Yes_887b181b-22d5-422f-9b76-e58527b73be9,887b181b-22d5-422f-9b76-e58527b73be9,Yes,Yes,True,1077.8,1079.4,Yes,[0] 가설/판단 표현 감지: '모르겠': 어떤 식을 세워야 할지 모르겠어
gold_Yes_0e979bdb-0a47-4bda-879e-3b45a6794108,0e979bdb-0a47-4bda-879e-3b45a6794108,Yes,No,False,1186.9,1188.9,No,No explicit user thought/attempt/hypothesis/judgment/criterion in current or previous 5 user turns.
gold_No_77798d66-6075-43d2-a3c3-b4a94a14b66e,77798d66-6075-43d2-a3c3-b4a94a14b66e,No,No,True,1314.3,1316.3,No,No explicit user thought/attempt/hypothesis/judgment/criterion in current or previous 5 user turns.
gold_Yes_f7618d96-23f4-4749-a257-83f5064b85f3,f7618d96-23f4-4749-a257-83f5064b85f3,Yes,Uncertain,False,4156.5,4158.7,Uncertain,첫 턴 단답/짧은 발화라 자기 의도인지 확인 불가
gold_Yes_830c1b64-b132-4cfd-8636-d0cf56df379b,830c1b64-b132-4cfd-8636-d0cf56df379b,Yes,Yes,True,942.7,945.1,Yes,"[0] 가설/판단 표현 감지: '때문': 아래 문제를 풀려고 해. 언어는 python이야. check number이라는 변수와 days라는 변수를 만들어서 i번째 테스크가 다 끝났을때의 days를 저장해두고, 그때 같이 배포할 수 있는 기능들을 check number이라는 변수에 저장해서 최종적으로 한번 배포가 끝나면 리스트에 append하는 방식으로 문제를 풀"
gold_Yes_76c477d6-60c5-4424-b46e-fd436a72b550,76c477d6-60c5-4424-b46e-fd436a72b550,Yes,Uncertain,False,1132.7,1134.8,Uncertain,첫 턴 단답/짧은 발화라 자기 의도인지 확인 불가
gold_Yes_3b136e3d-e7b3-474f-8db9-9bc17e0d448f,3b136e3d-e7b3-474f-8db9-9bc17e0d448f,Yes,Yes,True,1322.6,1324.9,Yes,[0] 가설/판단 표현 감지: '오류': 수정한 코드에서 더이상 오류가 발생하지 않는지 확인해주세요
gold_Yes_8aa4d2dd-1b06-43db-a43b-52a1191608be,8aa4d2dd-1b06-43db-a43b-52a1191608be,Yes,No,False,2088.9,2091.0,No,No explicit user thought/attempt/hypothesis/judgment/criterion in current or previous 5 user turns.
gold_No_1172ec4b-e2f3-4863-9058-d1e75a8197bb,1172ec4b-e2f3-4863-9058-d1e75a8197bb,No,Uncertain,False,1156.2,1157.8,Uncertain,첫 턴 단답/짧은 발화라 자기 의도인지 확인 불가
gold_Yes_ae130ff2-3858-456a-8ec8-0d843a019d7d,ae130ff2-3858-456a-8ec8-0d843a019d7d,Yes,Yes,True,1117.1,1119.0,Yes,[0] 가설/판단 표현 감지: '문제 이해': 문제 이해가 안됨
gold_Yes_64137517-a0fd-45ee-ab8d-6098257f3531,64137517-a0fd-45ee-ab8d-6098257f3531,Yes,No,False,970.2,972.1,No,No explicit user thought/attempt/hypothesis/judgment/criterion in current or previous 5 user turns.
gold_Yes_daeba979-5225-4d52-b6aa-96defb3f551d,daeba979-5225-4d52-b6aa-96defb3f551d,Yes,Yes,True,1228.9,1231.3,Yes,[0] 시도 언급 표현 감지: '만들었': 내가 만들었던 것 있는데 재탕해도 되니
gold_Yes_4ae8bf4c-8c55-499f-af5f-8e31c62dcaaa,4ae8bf4c-8c55-499f-af5f-8e31c62dcaaa,Yes,Yes,True,1177.2,1179.6,Yes,[0] 사용자 기준/요구 동작을 구체적으로 제시: # 학생 성적 관리 시스템을 구현하세요 def main(): students = {} while True: print('=== 성적 관리 시스템 ===') print('1. 학생 추가') print('2. 전체 조회') print('3. 성적 검색') print('4. 종료') choice = input('선택: ').s
gold_Yes_78b42b79-816a-405f-9b54-b81addd3c5db,78b42b79-816a-405f-9b54-b81addd3c5db,Yes,Yes,True,1211.6,1213.8,Yes,"[0] 사용자 기준/요구 동작을 구체적으로 제시: def solution(progresses, speeds): import math days = [] for i in range(len(progresses)): day = math.ceil((100 - progresses[i]) / speeds[i]) days.append(day) 기준값 = days[0] 카운트 = 1 f"
gold_Yes_f128b914-b646-4b1d-9edc-50eb35ff9ab2,f128b914-b646-4b1d-9edc-50eb35ff9ab2,Yes,Yes,True,3809.5,3812.1,Yes,[0] 사용자 기준/요구 동작을 구체적으로 제시: def main(): students = {} while True: print('=== 성적 관리 시스템 ===') print('1. 학생 추가') print('2. 전체 조회') print('3. 성적 검색') print('4. 종료') choice = input('선택: ').strip() # TODO if choic
gold_Yes_5c9d80ba-9edc-408d-993f-cde946ba4c42,5c9d80ba-9edc-408d-993f-cde946ba4c42,Yes,Yes,True,1664.2,1666.5,Yes,[0] 접근 방향/기준 표현 감지: '하고 싶': for문을 특정 숫자부터 시작하고 싶어
gold_Yes_b1266073-3b4f-492d-b304-73a7ca663e5d,b1266073-3b4f-492d-b304-73a7ca663e5d,Yes,Yes,True,1221.0,1222.8,Yes,"[0] 사용자 기준/요구 동작을 구체적으로 제시: int solution(int m, int n, vector<vector<int>>& puddles) { vector<vector<int>> dp(m+1, vector<int>(n+1, 0)); dp[1][1] = 1; for(int i = 0; i < puddles.size(); i++){ dp[puddles[i][0]"
gold_Yes_e8351781-1b71-4ac0-ab95-d132758e9b34,e8351781-1b71-4ac0-ab95-d132758e9b34,Yes,Yes,True,1921.4,1923.5,Yes,"[0] 접근 방향/기준 표현 감지: '먼저': 먼저 m, n 입력받은걸 바탕으로 이중 list를 만들고, 2중 for문 써서 dp[x][y] = dp[x-1][y] + dp[x][y-1] 이걸 계산하는데,계산하기 전에 i == 0 or j ==0 이면 1로 바꾸고 시작. 이렇게 하고 물웅덩이에 있는 값은 다시 0으로 바꾸고, 물웅덩이 좌표+1인 곳은 동적 프로그래밍 "
gold_Yes_f0f3a789-6d43-4af0-9d6c-e44c41bf08e9,f0f3a789-6d43-4af0-9d6c-e44c41bf08e9,Yes,Yes,True,3500.3,3501.8,Yes,"[0] 접근 방향/기준 표현 감지: '원해': 리스트로 받아서, 리스트로 출력을 원해"
gold_Yes_8d919a78-030d-4e7c-b9f0-43efc11263e1,8d919a78-030d-4e7c-b9f0-43efc11263e1,Yes,No,False,1154.5,1156.4,No,No explicit user thought/attempt/hypothesis/judgment/criterion in current or previous 5 user turns.
gold_Yes_fa163af3-a594-4d2a-8c38-3da29a6abd1c,fa163af3-a594-4d2a-8c38-3da29a6abd1c,Yes,No,False,1159.2,1161.4,No,No explicit user thought/attempt/hypothesis/judgment/criterion in current or previous 5 user turns.
gold_Yes_ee67fb0e-617d-4d57-bf05-edeb117b3997,ee67fb0e-617d-4d57-bf05-edeb117b3997,Yes,Yes,True,3147.4,3149.9,Yes,[0] 접근 방향/기준 표현 감지: '해야': progresses와 speeds 변수 설정해야해?
gold_Yes_bbedc0fe-a7ca-48b1-a47b-843414c512c6,bbedc0fe-a7ca-48b1-a47b-843414c512c6,Yes,Yes,True,1588.1,1590.5,Yes,"[0] 접근 방향/기준 표현 감지: '해야': 결국 얼마나 움직이는지를 알려면 J가 나오게 하려면 9번 움직여야한다는 코딩이 되어있어야하는거 아니야..? 그니까 a는 0번, b는 1번 이런식으로 코딩이 되어있어야할까..? 아니면 아예 딕셔너리같은걸로 26글자 알파벳과 각각을 위해 움직여야하는 화살표 갯수같은걸 저장해야할까? 어떻게 생각해 이런게 처음이라..ㅎ"
gold_Yes_dd3d770b-730e-41a0-b37b-70d7a74d3c63,dd3d770b-730e-41a0-b37b-70d7a74d3c63,Yes,No,False,1168.7,1171.2,No,No explicit user thought/attempt/hypothesis/judgment/criterion in current or previous 5 user turns.
gold_Yes_305a474d-1ee7-4efc-8edb-a1374bc0010d,305a474d-1ee7-4efc-8edb-a1374bc0010d,Yes,Yes,True,2324.9,2327.6,Yes,"[0] 사용자 기준/요구 동작을 구체적으로 제시: def main(): 수입_목록 = [] 지출_목록 = [] while True: print(""=== 가계부 ==="") print(""1. 수입"") print(""2. 지출"") print(""3. 잔액 확인"") print(""0. 종료"") 선택 = input(""선택: "") if 선택 == ""1"": print(""1. 수입"") 금액"
gold_Yes_9c72f4fc-ac87-478c-a383-4675c433b905,9c72f4fc-ac87-478c-a383-4675c433b905,Yes,Uncertain,False,1189.1,1191.4,Uncertain,첫 턴 단답/짧은 발화라 자기 의도인지 확인 불가
gold_No_5aabf4fd-3f8c-4361-b924-6cf9f91d5d00,5aabf4fd-3f8c-4361-b924-6cf9f91d5d00,No,Uncertain,False,1292.4,1294.9,Uncertain,첫 턴 단답/짧은 발화라 자기 의도인지 확인 불가
gold_No_3acba612-dcdf-44eb-840d-b0885259371d,3acba612-dcdf-44eb-840d-b0885259371d,No,No,True,1078.5,1080.8,No,No explicit user thought/attempt/hypothesis/judgment/criterion in current or previous 5 user turns.
gold_Yes_e24cac47-903f-4603-9d7b-7cb390c89927,e24cac47-903f-4603-9d7b-7cb390c89927,Yes,Yes,True,1056.6,1058.0,Yes,[0] 가설/판단 표현 감지: '안되': 뭐 만들어볼까 sort는 안되고 heapq 써야만 하는 문제 만들어보자
gold_Yes_c3d6f577-e04d-4089-a236-0b412e7b426c,c3d6f577-e04d-4089-a236-0b412e7b426c,Yes,No,False,4019.1,4021.3,No,No explicit user thought/attempt/hypothesis/judgment/criterion in current or previous 5 user turns.
gold_Yes_35eb7e7b-23a9-4242-97a1-b794afa5b983,35eb7e7b-23a9-4242-97a1-b794afa5b983,Yes,No,False,1064.2,1066.0,No,No explicit user thought/attempt/hypothesis/judgment/criterion in current or previous 5 user turns.
